"global_step","clmux-0.5/clmux-newyork__dqn__42__1753199562 - _step","clmux-0.5/clmux-newyork__dqn__42__1753199562 - _step__MIN","clmux-0.5/clmux-newyork__dqn__42__1753199562 - _step__MAX","clmux-0.5/clmux-newyork__dqn__42__1753199562 - charts/episodic_return","clmux-0.5/clmux-newyork__dqn__42__1753199562 - charts/episodic_return__MIN","clmux-0.5/clmux-newyork__dqn__42__1753199562 - charts/episodic_return__MAX","clmux-0.5/clmux-singapore__dqn__42__1753199563 - _step","clmux-0.5/clmux-singapore__dqn__42__1753199563 - _step__MIN","clmux-0.5/clmux-singapore__dqn__42__1753199563 - _step__MAX","clmux-0.5/clmux-singapore__dqn__42__1753199563 - charts/episodic_return","clmux-0.5/clmux-singapore__dqn__42__1753199563 - charts/episodic_return__MIN","clmux-0.5/clmux-singapore__dqn__42__1753199563 - charts/episodic_return__MAX","clmux-0.5/clmux-beijing__dqn__42__1753199563 - _step","clmux-0.5/clmux-beijing__dqn__42__1753199563 - _step__MIN","clmux-0.5/clmux-beijing__dqn__42__1753199563 - _step__MAX","clmux-0.5/clmux-beijing__dqn__42__1753199563 - charts/episodic_return","clmux-0.5/clmux-beijing__dqn__42__1753199563 - charts/episodic_return__MIN","clmux-0.5/clmux-beijing__dqn__42__1753199563 - charts/episodic_return__MAX","clmux-0.5/clmux-london__sac_continuous_action__42__1753199562 - _step","clmux-0.5/clmux-london__sac_continuous_action__42__1753199562 - _step__MIN","clmux-0.5/clmux-london__sac_continuous_action__42__1753199562 - _step__MAX","clmux-0.5/clmux-london__sac_continuous_action__42__1753199562 - charts/episodic_return","clmux-0.5/clmux-london__sac_continuous_action__42__1753199562 - charts/episodic_return__MIN","clmux-0.5/clmux-london__sac_continuous_action__42__1753199562 - charts/episodic_return__MAX","clmux-0.5/clmux-singapore__sac_continuous_action__42__1753199563 - _step","clmux-0.5/clmux-singapore__sac_continuous_action__42__1753199563 - _step__MIN","clmux-0.5/clmux-singapore__sac_continuous_action__42__1753199563 - _step__MAX","clmux-0.5/clmux-singapore__sac_continuous_action__42__1753199563 - charts/episodic_return","clmux-0.5/clmux-singapore__sac_continuous_action__42__1753199563 - charts/episodic_return__MIN","clmux-0.5/clmux-singapore__sac_continuous_action__42__1753199563 - charts/episodic_return__MAX","clmux-0.5/clmux-hongkong__dqn__42__1753199562 - _step","clmux-0.5/clmux-hongkong__dqn__42__1753199562 - _step__MIN","clmux-0.5/clmux-hongkong__dqn__42__1753199562 - _step__MAX","clmux-0.5/clmux-hongkong__dqn__42__1753199562 - charts/episodic_return","clmux-0.5/clmux-hongkong__dqn__42__1753199562 - charts/episodic_return__MIN","clmux-0.5/clmux-hongkong__dqn__42__1753199562 - charts/episodic_return__MAX","clmux-0.5/clmux-beijing__sac_continuous_action__42__1753199563 - _step","clmux-0.5/clmux-beijing__sac_continuous_action__42__1753199563 - _step__MIN","clmux-0.5/clmux-beijing__sac_continuous_action__42__1753199563 - _step__MAX","clmux-0.5/clmux-beijing__sac_continuous_action__42__1753199563 - charts/episodic_return","clmux-0.5/clmux-beijing__sac_continuous_action__42__1753199563 - charts/episodic_return__MIN","clmux-0.5/clmux-beijing__sac_continuous_action__42__1753199563 - charts/episodic_return__MAX","clmux-0.5/clmux-hongkong__sac_continuous_action__42__1753199562 - _step","clmux-0.5/clmux-hongkong__sac_continuous_action__42__1753199562 - _step__MIN","clmux-0.5/clmux-hongkong__sac_continuous_action__42__1753199562 - _step__MAX","clmux-0.5/clmux-hongkong__sac_continuous_action__42__1753199562 - charts/episodic_return","clmux-0.5/clmux-hongkong__sac_continuous_action__42__1753199562 - charts/episodic_return__MIN","clmux-0.5/clmux-hongkong__sac_continuous_action__42__1753199562 - charts/episodic_return__MAX","clmux-0.5/clmux-newyork__sac_continuous_action__42__1753199563 - _step","clmux-0.5/clmux-newyork__sac_continuous_action__42__1753199563 - _step__MIN","clmux-0.5/clmux-newyork__sac_continuous_action__42__1753199563 - _step__MAX","clmux-0.5/clmux-newyork__sac_continuous_action__42__1753199563 - charts/episodic_return","clmux-0.5/clmux-newyork__sac_continuous_action__42__1753199563 - charts/episodic_return__MIN","clmux-0.5/clmux-newyork__sac_continuous_action__42__1753199563 - charts/episodic_return__MAX","clmux-0.5/clmux-london__dqn__42__1753199562 - _step","clmux-0.5/clmux-london__dqn__42__1753199562 - _step__MIN","clmux-0.5/clmux-london__dqn__42__1753199562 - _step__MAX","clmux-0.5/clmux-london__dqn__42__1753199562 - charts/episodic_return","clmux-0.5/clmux-london__dqn__42__1753199562 - charts/episodic_return__MIN","clmux-0.5/clmux-london__dqn__42__1753199562 - charts/episodic_return__MAX","clmux-0.5/clmux-singapore__qlearning__42__1753199562 - _step","clmux-0.5/clmux-singapore__qlearning__42__1753199562 - _step__MIN","clmux-0.5/clmux-singapore__qlearning__42__1753199562 - _step__MAX","clmux-0.5/clmux-singapore__qlearning__42__1753199562 - charts/episodic_return","clmux-0.5/clmux-singapore__qlearning__42__1753199562 - charts/episodic_return__MIN","clmux-0.5/clmux-singapore__qlearning__42__1753199562 - charts/episodic_return__MAX","clmux-0.5/clmux-newyork__qlearning__42__1753199561 - _step","clmux-0.5/clmux-newyork__qlearning__42__1753199561 - _step__MIN","clmux-0.5/clmux-newyork__qlearning__42__1753199561 - _step__MAX","clmux-0.5/clmux-newyork__qlearning__42__1753199561 - charts/episodic_return","clmux-0.5/clmux-newyork__qlearning__42__1753199561 - charts/episodic_return__MIN","clmux-0.5/clmux-newyork__qlearning__42__1753199561 - charts/episodic_return__MAX","clmux-0.5/clmux-beijing__qlearning__42__1753199561 - _step","clmux-0.5/clmux-beijing__qlearning__42__1753199561 - _step__MIN","clmux-0.5/clmux-beijing__qlearning__42__1753199561 - _step__MAX","clmux-0.5/clmux-beijing__qlearning__42__1753199561 - charts/episodic_return","clmux-0.5/clmux-beijing__qlearning__42__1753199561 - charts/episodic_return__MIN","clmux-0.5/clmux-beijing__qlearning__42__1753199561 - charts/episodic_return__MAX","clmux-0.5/clmux-london__qlearning__42__1753199561 - _step","clmux-0.5/clmux-london__qlearning__42__1753199561 - _step__MIN","clmux-0.5/clmux-london__qlearning__42__1753199561 - _step__MAX","clmux-0.5/clmux-london__qlearning__42__1753199561 - charts/episodic_return","clmux-0.5/clmux-london__qlearning__42__1753199561 - charts/episodic_return__MIN","clmux-0.5/clmux-london__qlearning__42__1753199561 - charts/episodic_return__MAX","clmux-0.5/clmux-hongkong__qlearning__42__1753199561 - _step","clmux-0.5/clmux-hongkong__qlearning__42__1753199561 - _step__MIN","clmux-0.5/clmux-hongkong__qlearning__42__1753199561 - _step__MAX","clmux-0.5/clmux-hongkong__qlearning__42__1753199561 - charts/episodic_return","clmux-0.5/clmux-hongkong__qlearning__42__1753199561 - charts/episodic_return__MIN","clmux-0.5/clmux-hongkong__qlearning__42__1753199561 - charts/episodic_return__MAX"
"17517","225","225","225","-7897.869","-7897.869","-7897.869","225","225","225","-3847.7305","-3847.7305","-3847.7305","225","225","225","-7535.655","-7535.655","-7535.655","0","0","0","-7417.8354","-7417.8354","-7417.8354","0","0","0","-4275.8496","-4275.8496","-4275.8496","225","225","225","-3840.9004","-3840.9004","-3840.9004","0","0","0","-7292.1177","-7292.1177","-7292.1177","0","0","0","-4128.1025","-4128.1025","-4128.1025","0","0","0","-7899.3516","-7899.3516","-7899.3516","225","225","225","-7391.202","-7391.202","-7391.202","","","","","","","","","","","","","","","","","","","","","","","","","","","","","",""
"17518","","","","","","","","","","","","","","","","","","","","","","","","","","","","","","","","","","","","","","","","","","","","","","","","","","","","","","","","","","","","","0","0","0","-3852.1816","-3852.1816","-3852.1816","0","0","0","-7899.8086","-7899.8086","-7899.8086","0","0","0","-7551.1562","-7551.1562","-7551.1562","0","0","0","-7394.29","-7394.29","-7394.29","0","0","0","-3850.9617","-3850.9617","-3850.9617"
"35035","752","752","752","-7894.6426","-7894.6426","-7894.6426","752","752","752","-3825.3987","-3825.3987","-3825.3987","752","752","752","-7521.4756","-7521.4756","-7521.4756","1577","1577","1577","-7727.3433","-7727.3433","-7727.3433","1577","1577","1577","-3957.698","-3957.698","-3957.698","752","752","752","-3826.5764","-3826.5764","-3826.5764","1577","1577","1577","-7615.813","-7615.813","-7615.813","1577","1577","1577","-4133.371","-4133.371","-4133.371","1577","1577","1577","-7952.284","-7952.284","-7952.284","752","752","752","-7389.994","-7389.994","-7389.994","","","","","","","","","","","","","","","","","","","","","","","","","","","","","",""
"35036","","","","","","","","","","","","","","","","","","","","","","","","","","","","","","","","","","","","","","","","","","","","","","","","","","","","","","","","","","","","","2","2","2","-3851.6006","-3851.6006","-3851.6006","2","2","2","-7895.422","-7895.422","-7895.422","2","2","2","-7533.6064","-7533.6064","-7533.6064","2","2","2","-7401.8145","-7401.8145","-7401.8145","2","2","2","-3838.006","-3838.006","-3838.006"
"52553","1279","1279","1279","-7893.4604","-7893.4604","-7893.4604","1279","1279","1279","-3811.3867","-3811.3867","-3811.3867","1279","1279","1279","-7471.1084","-7471.1084","-7471.1084","3154","3154","3154","-7188.318","-7188.318","-7188.318","3154","3154","3154","-3977.1975","-3977.1975","-3977.1975","1279","1279","1279","-3806.7424","-3806.7424","-3806.7424","3154","3154","3154","-7176.172","-7176.172","-7176.172","3154","3154","3154","-3683.8743","-3683.8743","-3683.8743","3154","3154","3154","-7776.4062","-7776.4062","-7776.4062","1279","1279","1279","-7354.546","-7354.546","-7354.546","","","","","","","","","","","","","","","","","","","","","","","","","","","","","",""
"52554","","","","","","","","","","","","","","","","","","","","","","","","","","","","","","","","","","","","","","","","","","","","","","","","","","","","","","","","","","","","","4","4","4","-3851.147","-3851.147","-3851.147","4","4","4","-7887.261","-7887.261","-7887.261","4","4","4","-7523.4233","-7523.4233","-7523.4233","4","4","4","-7394.9546","-7394.9546","-7394.9546","4","4","4","-3824.6672","-3824.6672","-3824.6672"
"70071","1806","1806","1806","-7887.7334","-7887.7334","-7887.7334","1806","1806","1806","-3799.8665","-3799.8665","-3799.8665","1806","1806","1806","-7463.5425","-7463.5425","-7463.5425","4731","4731","4731","-6546.3374","-6546.3374","-6546.3374","4731","4731","4731","-4471.7886","-4471.7886","-4471.7886","1806","1806","1806","-3799.5156","-3799.5156","-3799.5156","4731","4731","4731","-6578.0986","-6578.0986","-6578.0986","4731","4731","4731","-4205.245","-4205.245","-4205.245","4731","4731","4731","-7616.6357","-7616.6357","-7616.6357","1806","1806","1806","-7326.5005","-7326.5005","-7326.5005","","","","","","","","","","","","","","","","","","","","","","","","","","","","","",""
"70072","","","","","","","","","","","","","","","","","","","","","","","","","","","","","","","","","","","","","","","","","","","","","","","","","","","","","","","","","","","","","6","6","6","-3841.0083","-3841.0083","-3841.0083","6","6","6","-7882.371","-7882.371","-7882.371","6","6","6","-7488.439","-7488.439","-7488.439","6","6","6","-7371.1963","-7371.1963","-7371.1963","6","6","6","-3824.008","-3824.008","-3824.008"
"87589","2333","2333","2333","-7892.056","-7892.056","-7892.056","2333","2333","2333","-3793.2588","-3793.2588","-3793.2588","2333","2333","2333","-7418.5635","-7418.5635","-7418.5635","6308","6308","6308","-6643.973","-6643.973","-6643.973","6308","6308","6308","-4486.0825","-4486.0825","-4486.0825","2333","2333","2333","-3801.3457","-3801.3457","-3801.3457","6308","6308","6308","-6562.106","-6562.106","-6562.106","6308","6308","6308","-4202.2397","-4202.2397","-4202.2397","6308","6308","6308","-7571.2188","-7571.2188","-7571.2188","2333","2333","2333","-7315.378","-7315.378","-7315.378","","","","","","","","","","","","","","","","","","","","","","","","","","","","","",""
"87590","","","","","","","","","","","","","","","","","","","","","","","","","","","","","","","","","","","","","","","","","","","","","","","","","","","","","","","","","","","","","8","8","8","-3842.9077","-3842.9077","-3842.9077","8","8","8","-7886.253","-7886.253","-7886.253","8","8","8","-7515.422","-7515.422","-7515.422","8","8","8","-7384.6143","-7384.6143","-7384.6143","8","8","8","-3827.4673","-3827.4673","-3827.4673"
"105107","2863","2863","2863","-7900.869","-7900.869","-7900.869","2863","2863","2863","-3782.779","-3782.779","-3782.779","2863","2863","2863","-7409.533","-7409.533","-7409.533","7894","7894","7894","-6599.895","-6599.895","-6599.895","7894","7894","7894","-4158.998","-4158.998","-4158.998","2863","2863","2863","-3790.4492","-3790.4492","-3790.4492","7894","7894","7894","-6455.409","-6455.409","-6455.409","7894","7894","7894","-4197.3687","-4197.3687","-4197.3687","7894","7894","7894","-7509.06","-7509.06","-7509.06","2863","2863","2863","-7308.6064","-7308.6064","-7308.6064","","","","","","","","","","","","","","","","","","","","","","","","","","","","","",""
"105108","","","","","","","","","","","","","","","","","","","","","","","","","","","","","","","","","","","","","","","","","","","","","","","","","","","","","","","","","","","","","10","10","10","-3826.8494","-3826.8494","-3826.8494","10","10","10","-7867.647","-7867.647","-7867.647","10","10","10","-7436.701","-7436.701","-7436.701","10","10","10","-7344.7363","-7344.7363","-7344.7363","10","10","10","-3812.825","-3812.825","-3812.825"
"122625","3390","3390","3390","-7903.4575","-7903.4575","-7903.4575","3390","3390","3390","-3777.5093","-3777.5093","-3777.5093","3390","3390","3390","-7332.5522","-7332.5522","-7332.5522","9471","9471","9471","-6547.7812","-6547.7812","-6547.7812","9471","9471","9471","-3444.3435","-3444.3435","-3444.3435","3390","3390","3390","-3794.3076","-3794.3076","-3794.3076","9471","9471","9471","-6358.332","-6358.332","-6358.332","9471","9471","9471","-4192.8394","-4192.8394","-4192.8394","9471","9471","9471","-7570.252","-7570.252","-7570.252","3390","3390","3390","-7284.5938","-7284.5938","-7284.5938","","","","","","","","","","","","","","","","","","","","","","","","","","","","","",""
"122626","","","","","","","","","","","","","","","","","","","","","","","","","","","","","","","","","","","","","","","","","","","","","","","","","","","","","","","","","","","","","12","12","12","-3831.3496","-3831.3496","-3831.3496","12","12","12","-7878.439","-7878.439","-7878.439","12","12","12","-7487.096","-7487.096","-7487.096","12","12","12","-7362.328","-7362.328","-7362.328","12","12","12","-3821.5583","-3821.5583","-3821.5583"
"140143","3917","3917","3917","-7881.7725","-7881.7725","-7881.7725","3917","3917","3917","-3769.0144","-3769.0144","-3769.0144","3917","3917","3917","-7288.9517","-7288.9517","-7288.9517","11048","11048","11048","-6489.8604","-6489.8604","-6489.8604","11048","11048","11048","-3437.403","-3437.403","-3437.403","3917","3917","3917","-3772.2488","-3772.2488","-3772.2488","11048","11048","11048","-6635.1304","-6635.1304","-6635.1304","11048","11048","11048","-4206.306","-4206.306","-4206.306","11048","11048","11048","-7485.3394","-7485.3394","-7485.3394","3917","3917","3917","-7258.219","-7258.219","-7258.219","","","","","","","","","","","","","","","","","","","","","","","","","","","","","",""
"140144","","","","","","","","","","","","","","","","","","","","","","","","","","","","","","","","","","","","","","","","","","","","","","","","","","","","","","","","","","","","","14","14","14","-3817.973","-3817.973","-3817.973","14","14","14","-7869.751","-7869.751","-7869.751","14","14","14","-7451.5273","-7451.5273","-7451.5273","14","14","14","-7342.8867","-7342.8867","-7342.8867","14","14","14","-3817.7122","-3817.7122","-3817.7122"
"157661","4444","4444","4444","-7879.9688","-7879.9688","-7879.9688","4444","4444","4444","-3752.7026","-3752.7026","-3752.7026","4444","4444","4444","-7256.65","-7256.65","-7256.65","12625","12625","12625","-6492.461","-6492.461","-6492.461","12625","12625","12625","-3423.6892","-3423.6892","-3423.6892","4444","4444","4444","-3752.4104","-3752.4104","-3752.4104","12625","12625","12625","-6306.582","-6306.582","-6306.582","12625","12625","12625","-3932.9236","-3932.9236","-3932.9236","12625","12625","12625","-7425.572","-7425.572","-7425.572","4444","4444","4444","-7187.67","-7187.67","-7187.67","","","","","","","","","","","","","","","","","","","","","","","","","","","","","",""
"157662","","","","","","","","","","","","","","","","","","","","","","","","","","","","","","","","","","","","","","","","","","","","","","","","","","","","","","","","","","","","","16","16","16","-3818.8796","-3818.8796","-3818.8796","16","16","16","-7861.7036","-7861.7036","-7861.7036","16","16","16","-7428.514","-7428.514","-7428.514","16","16","16","-7324.4434","-7324.4434","-7324.4434","16","16","16","-3817.186","-3817.186","-3817.186"
"175179","4971","4971","4971","-7913.1626","-7913.1626","-7913.1626","4971","4971","4971","-3732.0007","-3732.0007","-3732.0007","4971","4971","4971","-7263.6245","-7263.6245","-7263.6245","14202","14202","14202","-6527.995","-6527.995","-6527.995","14202","14202","14202","-3439.479","-3439.479","-3439.479","4971","4971","4971","-3744.5627","-3744.5627","-3744.5627","14202","14202","14202","-6199.4224","-6199.4224","-6199.4224","14202","14202","14202","-4183.8286","-4183.8286","-4183.8286","14202","14202","14202","-7553.002","-7553.002","-7553.002","4971","4971","4971","-7202.3755","-7202.3755","-7202.3755","","","","","","","","","","","","","","","","","","","","","","","","","","","","","",""
"175180","","","","","","","","","","","","","","","","","","","","","","","","","","","","","","","","","","","","","","","","","","","","","","","","","","","","","","","","","","","","","18","18","18","-3811.2988","-3811.2988","-3811.2988","18","18","18","-7860.5522","-7860.5522","-7860.5522","18","18","18","-7424.693","-7424.693","-7424.693","18","18","18","-7329.6846","-7329.6846","-7329.6846","18","18","18","-3816.7935","-3816.7935","-3816.7935"
"192697","5498","5498","5498","-7946.6943","-7946.6943","-7946.6943","5498","5498","5498","-3707.5452","-3707.5452","-3707.5452","5498","5498","5498","-7156.4395","-7156.4395","-7156.4395","15779","15779","15779","-6565.7183","-6565.7183","-6565.7183","15779","15779","15779","-3451.1863","-3451.1863","-3451.1863","5498","5498","5498","-3760.9172","-3760.9172","-3760.9172","15779","15779","15779","-6390.6187","-6390.6187","-6390.6187","15779","15779","15779","-4344.841","-4344.841","-4344.841","15779","15779","15779","-7625.269","-7625.269","-7625.269","5498","5498","5498","-7215.0625","-7215.0625","-7215.0625","","","","","","","","","","","","","","","","","","","","","","","","","","","","","",""
"192698","","","","","","","","","","","","","","","","","","","","","","","","","","","","","","","","","","","","","","","","","","","","","","","","","","","","","","","","","","","","","20","20","20","-3803.6033","-3803.6033","-3803.6033","20","20","20","-7860.3784","-7860.3784","-7860.3784","20","20","20","-7412.7695","-7412.7695","-7412.7695","20","20","20","-7311.76","-7311.76","-7311.76","20","20","20","-3811.236","-3811.236","-3811.236"
"210215","6028","6028","6028","-8030.129","-8030.129","-8030.129","6028","6028","6028","-3705.0088","-3705.0088","-3705.0088","6028","6028","6028","-7130.6343","-7130.6343","-7130.6343","17365","17365","17365","-6538.5513","-6538.5513","-6538.5513","17365","17365","17365","-3466.7104","-3466.7104","-3466.7104","6028","6028","6028","-3744.2654","-3744.2654","-3744.2654","17365","17365","17365","-6616.9043","-6616.9043","-6616.9043","17365","17365","17365","-3736.867","-3736.867","-3736.867","17365","17365","17365","-7578.234","-7578.234","-7578.234","6028","6028","6028","-7165.4062","-7165.4062","-7165.4062","","","","","","","","","","","","","","","","","","","","","","","","","","","","","",""
"210216","","","","","","","","","","","","","","","","","","","","","","","","","","","","","","","","","","","","","","","","","","","","","","","","","","","","","","","","","","","","","22","22","22","-3800.888","-3800.888","-3800.888","22","22","22","-7851.072","-7851.072","-7851.072","22","22","22","-7368.737","-7368.737","-7368.737","22","22","22","-7292.764","-7292.764","-7292.764","22","22","22","-3793.5273","-3793.5273","-3793.5273"
"227733","6555","6555","6555","-8074.0693","-8074.0693","-8074.0693","6555","6555","6555","-3693.6062","-3693.6062","-3693.6062","6555","6555","6555","-7172.2964","-7172.2964","-7172.2964","18942","18942","18942","-6511.976","-6511.976","-6511.976","18942","18942","18942","-3480.0906","-3480.0906","-3480.0906","6555","6555","6555","-3735.449","-3735.449","-3735.449","18942","18942","18942","-6490.715","-6490.715","-6490.715","18942","18942","18942","-4186.331","-4186.331","-4186.331","18942","18942","18942","-7457.945","-7457.945","-7457.945","6555","6555","6555","-7139.2183","-7139.2183","-7139.2183","","","","","","","","","","","","","","","","","","","","","","","","","","","","","",""
"227734","","","","","","","","","","","","","","","","","","","","","","","","","","","","","","","","","","","","","","","","","","","","","","","","","","","","","","","","","","","","","24","24","24","-3792.2007","-3792.2007","-3792.2007","24","24","24","-7851.4854","-7851.4854","-7851.4854","24","24","24","-7380.6904","-7380.6904","-7380.6904","24","24","24","-7306.4263","-7306.4263","-7306.4263","24","24","24","-3792.9636","-3792.9636","-3792.9636"
"245251","7082","7082","7082","-7988.481","-7988.481","-7988.481","7082","7082","7082","-3704.2734","-3704.2734","-3704.2734","7082","7082","7082","-7163.3105","-7163.3105","-7163.3105","20519","20519","20519","-6512.4463","-6512.4463","-6512.4463","20519","20519","20519","-3471.275","-3471.275","-3471.275","7082","7082","7082","-3725.5796","-3725.5796","-3725.5796","20519","20519","20519","-6424.6514","-6424.6514","-6424.6514","20519","20519","20519","-4190.1396","-4190.1396","-4190.1396","20519","20519","20519","-7455.1733","-7455.1733","-7455.1733","7082","7082","7082","-7142.905","-7142.905","-7142.905","","","","","","","","","","","","","","","","","","","","","","","","","","","","","",""
"245252","","","","","","","","","","","","","","","","","","","","","","","","","","","","","","","","","","","","","","","","","","","","","","","","","","","","","","","","","","","","","26","26","26","-3791.187","-3791.187","-3791.187","26","26","26","-7853.4775","-7853.4775","-7853.4775","26","26","26","-7389.826","-7389.826","-7389.826","26","26","26","-7293.406","-7293.406","-7293.406","26","26","26","-3793.7524","-3793.7524","-3793.7524"
"262769","7609","7609","7609","-8007.7686","-8007.7686","-8007.7686","7609","7609","7609","-3675.269","-3675.269","-3675.269","7609","7609","7609","-7055.132","-7055.132","-7055.132","22096","22096","22096","-6523.0283","-6523.0283","-6523.0283","22096","22096","22096","-3464.407","-3464.407","-3464.407","7609","7609","7609","-3716.5706","-3716.5706","-3716.5706","22096","22096","22096","-6428.4897","-6428.4897","-6428.4897","22096","22096","22096","-4186.658","-4186.658","-4186.658","22096","22096","22096","-7477.995","-7477.995","-7477.995","7609","7609","7609","-7108.789","-7108.789","-7108.789","","","","","","","","","","","","","","","","","","","","","","","","","","","","","",""
"262770","","","","","","","","","","","","","","","","","","","","","","","","","","","","","","","","","","","","","","","","","","","","","","","","","","","","","","","","","","","","","28","28","28","-3796.0435","-3796.0435","-3796.0435","28","28","28","-7846.692","-7846.692","-7846.692","28","28","28","-7371.432","-7371.432","-7371.432","28","28","28","-7287.3335","-7287.3335","-7287.3335","28","28","28","-3795.641","-3795.641","-3795.641"
"280287","8136","8136","8136","-8040.1455","-8040.1455","-8040.1455","8136","8136","8136","-3642.44","-3642.44","-3642.44","8136","8136","8136","-7110.391","-7110.391","-7110.391","23673","23673","23673","-6528.9346","-6528.9346","-6528.9346","23673","23673","23673","-3454.497","-3454.497","-3454.497","8136","8136","8136","-3693.583","-3693.583","-3693.583","23673","23673","23673","-6409.9478","-6409.9478","-6409.9478","23673","23673","23673","-4187.732","-4187.732","-4187.732","23673","23673","23673","-7537.5034","-7537.5034","-7537.5034","8136","8136","8136","-7070.2417","-7070.2417","-7070.2417","","","","","","","","","","","","","","","","","","","","","","","","","","","","","",""
"280288","","","","","","","","","","","","","","","","","","","","","","","","","","","","","","","","","","","","","","","","","","","","","","","","","","","","","","","","","","","","","30","30","30","-3781.818","-3781.818","-3781.818","30","30","30","-7836.6997","-7836.6997","-7836.6997","30","30","30","-7332.3","-7332.3","-7332.3","30","30","30","-7263.772","-7263.772","-7263.772","30","30","30","-3784.0425","-3784.0425","-3784.0425"
"297805","8666","8666","8666","-7995.572","-7995.572","-7995.572","8666","8666","8666","-3706.76","-3706.76","-3706.76","8666","8666","8666","-7149.781","-7149.781","-7149.781","25259","25259","25259","-6532.4194","-6532.4194","-6532.4194","25259","25259","25259","-3444.175","-3444.175","-3444.175","8666","8666","8666","-3698.3325","-3698.3325","-3698.3325","25259","25259","25259","-6376.666","-6376.666","-6376.666","25259","25259","25259","-4186.5503","-4186.5503","-4186.5503","25259","25259","25259","-7716.581","-7716.581","-7716.581","8666","8666","8666","-7067.082","-7067.082","-7067.082","","","","","","","","","","","","","","","","","","","","","","","","","","","","","",""
"297806","","","","","","","","","","","","","","","","","","","","","","","","","","","","","","","","","","","","","","","","","","","","","","","","","","","","","","","","","","","","","32","32","32","-3777.8442","-3777.8442","-3777.8442","32","32","32","-7839.062","-7839.062","-7839.062","32","32","32","-7332.9805","-7332.9805","-7332.9805","32","32","32","-7271.917","-7271.917","-7271.917","32","32","32","-3784.1914","-3784.1914","-3784.1914"
"315323","9193","9193","9193","-8040.07","-8040.07","-8040.07","9193","9193","9193","-3669.545","-3669.545","-3669.545","9193","9193","9193","-6947.1797","-6947.1797","-6947.1797","26836","26836","26836","-6514.677","-6514.677","-6514.677","26836","26836","26836","-3445.978","-3445.978","-3445.978","9193","9193","9193","-3662.461","-3662.461","-3662.461","26836","26836","26836","-6348.172","-6348.172","-6348.172","26836","26836","26836","-4189.4136","-4189.4136","-4189.4136","26836","26836","26836","-7693.937","-7693.937","-7693.937","9193","9193","9193","-7092.5073","-7092.5073","-7092.5073","","","","","","","","","","","","","","","","","","","","","","","","","","","","","",""
"315324","","","","","","","","","","","","","","","","","","","","","","","","","","","","","","","","","","","","","","","","","","","","","","","","","","","","","","","","","","","","","34","34","34","-3773.6125","-3773.6125","-3773.6125","34","34","34","-7834.992","-7834.992","-7834.992","34","34","34","-7332.733","-7332.733","-7332.733","34","34","34","-7264.137","-7264.137","-7264.137","34","34","34","-3774.4521","-3774.4521","-3774.4521"
"332841","9720","9720","9720","-7989.2217","-7989.2217","-7989.2217","9720","9720","9720","-3635.2446","-3635.2446","-3635.2446","9720","9720","9720","-6946.4146","-6946.4146","-6946.4146","28413","28413","28413","-6508.9883","-6508.9883","-6508.9883","28413","28413","28413","-3459.079","-3459.079","-3459.079","9720","9720","9720","-3671.687","-3671.687","-3671.687","28413","28413","28413","-6185.528","-6185.528","-6185.528","28413","28413","28413","-4280.032","-4280.032","-4280.032","28413","28413","28413","-7737.36","-7737.36","-7737.36","9720","9720","9720","-7076.1694","-7076.1694","-7076.1694","","","","","","","","","","","","","","","","","","","","","","","","","","","","","",""
"332842","","","","","","","","","","","","","","","","","","","","","","","","","","","","","","","","","","","","","","","","","","","","","","","","","","","","","","","","","","","","","36","36","36","-3771.891","-3771.891","-3771.891","36","36","36","-7834.341","-7834.341","-7834.341","36","36","36","-7299.583","-7299.583","-7299.583","36","36","36","-7250.176","-7250.176","-7250.176","36","36","36","-3776.761","-3776.761","-3776.761"
"350359","10247","10247","10247","-7982.4014","-7982.4014","-7982.4014","10247","10247","10247","-3592.658","-3592.658","-3592.658","10247","10247","10247","-7124.601","-7124.601","-7124.601","29990","29990","29990","-6507.1616","-6507.1616","-6507.1616","29990","29990","29990","-3455.6543","-3455.6543","-3455.6543","10247","10247","10247","-3670.8315","-3670.8315","-3670.8315","29990","29990","29990","-6202.1187","-6202.1187","-6202.1187","29990","29990","29990","-4234.486","-4234.486","-4234.486","29990","29990","29990","-7707.977","-7707.977","-7707.977","10247","10247","10247","-7117.307","-7117.307","-7117.307","","","","","","","","","","","","","","","","","","","","","","","","","","","","","",""
"350360","","","","","","","","","","","","","","","","","","","","","","","","","","","","","","","","","","","","","","","","","","","","","","","","","","","","","","","","","","","","","38","38","38","-3768.945","-3768.945","-3768.945","38","38","38","-7827.193","-7827.193","-7827.193","38","38","38","-7296.2275","-7296.2275","-7296.2275","38","38","38","-7243.4277","-7243.4277","-7243.4277","38","38","38","-3777.8672","-3777.8672","-3777.8672"
"367877","10774","10774","10774","-8130.407","-8130.407","-8130.407","10774","10774","10774","-3596.6094","-3596.6094","-3596.6094","10774","10774","10774","-7192.7236","-7192.7236","-7192.7236","31567","31567","31567","-6506.922","-6506.922","-6506.922","31567","31567","31567","-3450.2546","-3450.2546","-3450.2546","10774","10774","10774","-3641.7046","-3641.7046","-3641.7046","31567","31567","31567","-6198.914","-6198.914","-6198.914","31567","31567","31567","-3578.9346","-3578.9346","-3578.9346","31567","31567","31567","-7442.6733","-7442.6733","-7442.6733","10774","10774","10774","-7039.4185","-7039.4185","-7039.4185","","","","","","","","","","","","","","","","","","","","","","","","","","","","","",""
"367878","","","","","","","","","","","","","","","","","","","","","","","","","","","","","","","","","","","","","","","","","","","","","","","","","","","","","","","","","","","","","40","40","40","-3762.1465","-3762.1465","-3762.1465","40","40","40","-7818.0933","-7818.0933","-7818.0933","40","40","40","-7270.505","-7270.505","-7270.505","40","40","40","-7236.1216","-7236.1216","-7236.1216","40","40","40","-3765.0483","-3765.0483","-3765.0483"
"385395","11301","11301","11301","-8022.2017","-8022.2017","-8022.2017","11301","11301","11301","-3575.168","-3575.168","-3575.168","11301","11301","11301","-6855.015","-6855.015","-6855.015","33144","33144","33144","-6511.5464","-6511.5464","-6511.5464","33144","33144","33144","-3448.7898","-3448.7898","-3448.7898","11301","11301","11301","-3625.8755","-3625.8755","-3625.8755","33144","33144","33144","-6201.3438","-6201.3438","-6201.3438","33144","33144","33144","-3647.6135","-3647.6135","-3647.6135","33144","33144","33144","-7443.556","-7443.556","-7443.556","11301","11301","11301","-7128.0503","-7128.0503","-7128.0503","","","","","","","","","","","","","","","","","","","","","","","","","","","","","",""
"385396","","","","","","","","","","","","","","","","","","","","","","","","","","","","","","","","","","","","","","","","","","","","","","","","","","","","","","","","","","","","","42","42","42","-3760.4392","-3760.4392","-3760.4392","42","42","42","-7831.25","-7831.25","-7831.25","42","42","42","-7305.812","-7305.812","-7305.812","42","42","42","-7252.3623","-7252.3623","-7252.3623","42","42","42","-3770.269","-3770.269","-3770.269"
"402913","11831","11831","11831","-7948.6904","-7948.6904","-7948.6904","11831","11831","11831","-3605.5469","-3605.5469","-3605.5469","11831","11831","11831","-6800.2188","-6800.2188","-6800.2188","34730","34730","34730","-6508.1387","-6508.1387","-6508.1387","34730","34730","34730","-3429.583","-3429.583","-3429.583","11831","11831","11831","-3670.1814","-3670.1814","-3670.1814","34730","34730","34730","-6209.536","-6209.536","-6209.536","34730","34730","34730","-3752.272","-3752.272","-3752.272","34730","34730","34730","-7447.6167","-7447.6167","-7447.6167","11831","11831","11831","-7091.448","-7091.448","-7091.448","","","","","","","","","","","","","","","","","","","","","","","","","","","","","",""
"402914","","","","","","","","","","","","","","","","","","","","","","","","","","","","","","","","","","","","","","","","","","","","","","","","","","","","","","","","","","","","","44","44","44","-3752.8447","-3752.8447","-3752.8447","44","44","44","-7823.221","-7823.221","-7823.221","44","44","44","-7269.259","-7269.259","-7269.259","44","44","44","-7225.545","-7225.545","-7225.545","44","44","44","-3766.9438","-3766.9438","-3766.9438"
"420431","12358","12358","12358","-8011.592","-8011.592","-8011.592","12358","12358","12358","-3542.6084","-3542.6084","-3542.6084","12358","12358","12358","-6985.5366","-6985.5366","-6985.5366","36307","36307","36307","-6502.4717","-6502.4717","-6502.4717","36307","36307","36307","-3428.532","-3428.532","-3428.532","12358","12358","12358","-3628.735","-3628.735","-3628.735","36307","36307","36307","-6201.253","-6201.253","-6201.253","36307","36307","36307","-3592.5164","-3592.5164","-3592.5164","36307","36307","36307","-7435.938","-7435.938","-7435.938","12358","12358","12358","-7068.8115","-7068.8115","-7068.8115","","","","","","","","","","","","","","","","","","","","","","","","","","","","","",""
"420432","","","","","","","","","","","","","","","","","","","","","","","","","","","","","","","","","","","","","","","","","","","","","","","","","","","","","","","","","","","","","46","46","46","-3755.6433","-3755.6433","-3755.6433","46","46","46","-7808.885","-7808.885","-7808.885","46","46","46","-7223.667","-7223.667","-7223.667","46","46","46","-7203.241","-7203.241","-7203.241","46","46","46","-3758.1653","-3758.1653","-3758.1653"
"437949","12885","12885","12885","-8185.496","-8185.496","-8185.496","12885","12885","12885","-3544.9443","-3544.9443","-3544.9443","12885","12885","12885","-6787.1743","-6787.1743","-6787.1743","37884","37884","37884","-6534.1113","-6534.1113","-6534.1113","37884","37884","37884","-3429.504","-3429.504","-3429.504","12885","12885","12885","-3573.0945","-3573.0945","-3573.0945","37884","37884","37884","-6210.6816","-6210.6816","-6210.6816","37884","37884","37884","-3566.1528","-3566.1528","-3566.1528","37884","37884","37884","-7431.3345","-7431.3345","-7431.3345","12885","12885","12885","-7019.7236","-7019.7236","-7019.7236","","","","","","","","","","","","","","","","","","","","","","","","","","","","","",""
"437950","","","","","","","","","","","","","","","","","","","","","","","","","","","","","","","","","","","","","","","","","","","","","","","","","","","","","","","","","","","","","48","48","48","-3751.5872","-3751.5872","-3751.5872","48","48","48","-7818.7563","-7818.7563","-7818.7563","48","48","48","-7265.257","-7265.257","-7265.257","48","48","48","-7225.765","-7225.765","-7225.765","48","48","48","-3765.053","-3765.053","-3765.053"
"455467","13412","13412","13412","-8017.146","-8017.146","-8017.146","13412","13412","13412","-3514.2192","-3514.2192","-3514.2192","13412","13412","13412","-6887.1587","-6887.1587","-6887.1587","39461","39461","39461","-6533.522","-6533.522","-6533.522","39461","39461","39461","-3436.6663","-3436.6663","-3436.6663","13412","13412","13412","-3632.637","-3632.637","-3632.637","39461","39461","39461","-6230.657","-6230.657","-6230.657","39461","39461","39461","-3567.5571","-3567.5571","-3567.5571","39461","39461","39461","-7428.4854","-7428.4854","-7428.4854","13412","13412","13412","-7185.367","-7185.367","-7185.367","","","","","","","","","","","","","","","","","","","","","","","","","","","","","",""
"455468","","","","","","","","","","","","","","","","","","","","","","","","","","","","","","","","","","","","","","","","","","","","","","","","","","","","","","","","","","","","","50","50","50","-3746.4897","-3746.4897","-3746.4897","50","50","50","-7814.2173","-7814.2173","-7814.2173","50","50","50","-7238.0854","-7238.0854","-7238.0854","50","50","50","-7200.7563","-7200.7563","-7200.7563","50","50","50","-3759.793","-3759.793","-3759.793"
"472985","13939","13939","13939","-8074.2773","-8074.2773","-8074.2773","13939","13939","13939","-3540.2454","-3540.2454","-3540.2454","13939","13939","13939","-6783.8667","-6783.8667","-6783.8667","41038","41038","41038","-6543.92","-6543.92","-6543.92","41038","41038","41038","-3438.5442","-3438.5442","-3438.5442","13939","13939","13939","-3604.443","-3604.443","-3604.443","41038","41038","41038","-6271.1436","-6271.1436","-6271.1436","41038","41038","41038","-3569.3157","-3569.3157","-3569.3157","41038","41038","41038","-7426.1323","-7426.1323","-7426.1323","13939","13939","13939","-7130.1997","-7130.1997","-7130.1997","","","","","","","","","","","","","","","","","","","","","","","","","","","","","",""
"472986","","","","","","","","","","","","","","","","","","","","","","","","","","","","","","","","","","","","","","","","","","","","","","","","","","","","","","","","","","","","","52","52","52","-3746.1245","-3746.1245","-3746.1245","52","52","52","-7799.4834","-7799.4834","-7799.4834","52","52","52","-7203.725","-7203.725","-7203.725","52","52","52","-7188.367","-7188.367","-7188.367","52","52","52","-3757.7966","-3757.7966","-3757.7966"
"490503","14469","14469","14469","-7993.364","-7993.364","-7993.364","14469","14469","14469","-3573.838","-3573.838","-3573.838","14469","14469","14469","-7138.905","-7138.905","-7138.905","42624","42624","42624","-6516.5615","-6516.5615","-6516.5615","42624","42624","42624","-3442.4636","-3442.4636","-3442.4636","14469","14469","14469","-3555.4917","-3555.4917","-3555.4917","42624","42624","42624","-6387.9546","-6387.9546","-6387.9546","42624","42624","42624","-3571.3228","-3571.3228","-3571.3228","42624","42624","42624","-7419.8145","-7419.8145","-7419.8145","14469","14469","14469","-7009.725","-7009.725","-7009.725","","","","","","","","","","","","","","","","","","","","","","","","","","","","","",""
"490504","","","","","","","","","","","","","","","","","","","","","","","","","","","","","","","","","","","","","","","","","","","","","","","","","","","","","","","","","","","","","54","54","54","-3730.6233","-3730.6233","-3730.6233","54","54","54","-7795.4194","-7795.4194","-7795.4194","54","54","54","-7176.347","-7176.347","-7176.347","54","54","54","-7180.2344","-7180.2344","-7180.2344","54","54","54","-3744.9917","-3744.9917","-3744.9917"
"508021","14996","14996","14996","-7977.9624","-7977.9624","-7977.9624","14996","14996","14996","-3568.2788","-3568.2788","-3568.2788","14996","14996","14996","-6954.654","-6954.654","-6954.654","44201","44201","44201","-6502.4077","-6502.4077","-6502.4077","44201","44201","44201","-3439.3582","-3439.3582","-3439.3582","14996","14996","14996","-3602.5703","-3602.5703","-3602.5703","44201","44201","44201","-6369.3975","-6369.3975","-6369.3975","44201","44201","44201","-3569.02","-3569.02","-3569.02","44201","44201","44201","-7420.772","-7420.772","-7420.772","14996","14996","14996","-6991.025","-6991.025","-6991.025","","","","","","","","","","","","","","","","","","","","","","","","","","","","","",""
"508022","","","","","","","","","","","","","","","","","","","","","","","","","","","","","","","","","","","","","","","","","","","","","","","","","","","","","","","","","","","","","56","56","56","-3737.7825","-3737.7825","-3737.7825","56","56","56","-7807.6543","-7807.6543","-7807.6543","56","56","56","-7207.7876","-7207.7876","-7207.7876","56","56","56","-7196.515","-7196.515","-7196.515","56","56","56","-3754.4531","-3754.4531","-3754.4531"
"525539","15523","15523","15523","-7894.5645","-7894.5645","-7894.5645","15523","15523","15523","-3585.566","-3585.566","-3585.566","15523","15523","15523","-7005.3276","-7005.3276","-7005.3276","45778","45778","45778","-6499.806","-6499.806","-6499.806","45778","45778","45778","-3443.5605","-3443.5605","-3443.5605","15523","15523","15523","-3615.633","-3615.633","-3615.633","45778","45778","45778","-6244.4795","-6244.4795","-6244.4795","45778","45778","45778","-3570.3098","-3570.3098","-3570.3098","45778","45778","45778","-7420.1636","-7420.1636","-7420.1636","15523","15523","15523","-7058.922","-7058.922","-7058.922","","","","","","","","","","","","","","","","","","","","","","","","","","","","","",""
"525540","","","","","","","","","","","","","","","","","","","","","","","","","","","","","","","","","","","","","","","","","","","","","","","","","","","","","","","","","","","","","58","58","58","-3727.494","-3727.494","-3727.494","58","58","58","-7797.8945","-7797.8945","-7797.8945","58","58","58","-7187.2827","-7187.2827","-7187.2827","58","58","58","-7176.0225","-7176.0225","-7176.0225","58","58","58","-3746.824","-3746.824","-3746.824"
"543057","16050","16050","16050","-7937.716","-7937.716","-7937.716","16050","16050","16050","-3554.0398","-3554.0398","-3554.0398","16050","16050","16050","-6988.443","-6988.443","-6988.443","47355","47355","47355","-6500.37","-6500.37","-6500.37","47355","47355","47355","-3440.92","-3440.92","-3440.92","16050","16050","16050","-3611.0354","-3611.0354","-3611.0354","47355","47355","47355","-6240.6245","-6240.6245","-6240.6245","47355","47355","47355","-3571.0698","-3571.0698","-3571.0698","47355","47355","47355","-7416.4546","-7416.4546","-7416.4546","16050","16050","16050","-7139.1006","-7139.1006","-7139.1006","","","","","","","","","","","","","","","","","","","","","","","","","","","","","",""
"543058","","","","","","","","","","","","","","","","","","","","","","","","","","","","","","","","","","","","","","","","","","","","","","","","","","","","","","","","","","","","","60","60","60","-3724.4226","-3724.4226","-3724.4226","60","60","60","-7793.4966","-7793.4966","-7793.4966","60","60","60","-7162.5366","-7162.5366","-7162.5366","60","60","60","-7166.1323","-7166.1323","-7166.1323","60","60","60","-3736.643","-3736.643","-3736.643"
"560575","16577","16577","16577","-7898.2095","-7898.2095","-7898.2095","16577","16577","16577","-3528.2834","-3528.2834","-3528.2834","16577","16577","16577","-7106.513","-7106.513","-7106.513","48932","48932","48932","-6504.436","-6504.436","-6504.436","48932","48932","48932","-3439.1145","-3439.1145","-3439.1145","16577","16577","16577","-3635.1104","-3635.1104","-3635.1104","48932","48932","48932","-6224.4434","-6224.4434","-6224.4434","48932","48932","48932","-3570.3113","-3570.3113","-3570.3113","48932","48932","48932","-7419.466","-7419.466","-7419.466","16577","16577","16577","-7162.352","-7162.352","-7162.352","","","","","","","","","","","","","","","","","","","","","","","","","","","","","",""
"560576","","","","","","","","","","","","","","","","","","","","","","","","","","","","","","","","","","","","","","","","","","","","","","","","","","","","","","","","","","","","","62","62","62","-3712.523","-3712.523","-3712.523","62","62","62","-7788.1685","-7788.1685","-7788.1685","62","62","62","-7151.5225","-7151.5225","-7151.5225","62","62","62","-7148.653","-7148.653","-7148.653","62","62","62","-3732.2302","-3732.2302","-3732.2302"
"578093","17104","17104","17104","-7964.032","-7964.032","-7964.032","17104","17104","17104","-3573.284","-3573.284","-3573.284","17104","17104","17104","-6974.382","-6974.382","-6974.382","50509","50509","50509","-6510.887","-6510.887","-6510.887","50509","50509","50509","-3436.3354","-3436.3354","-3436.3354","17104","17104","17104","-3570.7915","-3570.7915","-3570.7915","50509","50509","50509","-6261.1523","-6261.1523","-6261.1523","50509","50509","50509","-3569.902","-3569.902","-3569.902","50509","50509","50509","-7417.6807","-7417.6807","-7417.6807","17104","17104","17104","-7153.2056","-7153.2056","-7153.2056","","","","","","","","","","","","","","","","","","","","","","","","","","","","","",""
"578094","","","","","","","","","","","","","","","","","","","","","","","","","","","","","","","","","","","","","","","","","","","","","","","","","","","","","","","","","","","","","64","64","64","-3711.1138","-3711.1138","-3711.1138","64","64","64","-7789.3315","-7789.3315","-7789.3315","64","64","64","-7146.283","-7146.283","-7146.283","64","64","64","-7153.7847","-7153.7847","-7153.7847","64","64","64","-3734.5254","-3734.5254","-3734.5254"
"595611","17634","17634","17634","-7823.98","-7823.98","-7823.98","17634","17634","17634","-3522.1077","-3522.1077","-3522.1077","17634","17634","17634","-6771.858","-6771.858","-6771.858","52095","52095","52095","-6514.831","-6514.831","-6514.831","52095","52095","52095","-3433.6277","-3433.6277","-3433.6277","17634","17634","17634","-3612.199","-3612.199","-3612.199","52095","52095","52095","-6274.6294","-6274.6294","-6274.6294","52095","52095","52095","-3570.0261","-3570.0261","-3570.0261","52095","52095","52095","-7417.7314","-7417.7314","-7417.7314","17634","17634","17634","-7130.8","-7130.8","-7130.8","","","","","","","","","","","","","","","","","","","","","","","","","","","","","",""
"595612","","","","","","","","","","","","","","","","","","","","","","","","","","","","","","","","","","","","","","","","","","","","","","","","","","","","","","","","","","","","","66","66","66","-3714.7659","-3714.7659","-3714.7659","66","66","66","-7787.476","-7787.476","-7787.476","66","66","66","-7131.8687","-7131.8687","-7131.8687","66","66","66","-7152.225","-7152.225","-7152.225","66","66","66","-3735.882","-3735.882","-3735.882"
"613129","18161","18161","18161","-8032.6265","-8032.6265","-8032.6265","18161","18161","18161","-3550.6787","-3550.6787","-3550.6787","18161","18161","18161","-6808.03","-6808.03","-6808.03","53672","53672","53672","-6509.3027","-6509.3027","-6509.3027","53672","53672","53672","-3437.3455","-3437.3455","-3437.3455","18161","18161","18161","-3614.919","-3614.919","-3614.919","53672","53672","53672","-6242.283","-6242.283","-6242.283","53672","53672","53672","-3570.5613","-3570.5613","-3570.5613","53672","53672","53672","-7414.5376","-7414.5376","-7414.5376","18161","18161","18161","-7031.7754","-7031.7754","-7031.7754","","","","","","","","","","","","","","","","","","","","","","","","","","","","","",""
"613130","","","","","","","","","","","","","","","","","","","","","","","","","","","","","","","","","","","","","","","","","","","","","","","","","","","","","","","","","","","","","68","68","68","-3708.817","-3708.817","-3708.817","68","68","68","-7782.5737","-7782.5737","-7782.5737","68","68","68","-7130.469","-7130.469","-7130.469","68","68","68","-7146.1196","-7146.1196","-7146.1196","68","68","68","-3727.6655","-3727.6655","-3727.6655"
"630647","18688","18688","18688","-8070.215","-8070.215","-8070.215","18688","18688","18688","-3553.937","-3553.937","-3553.937","18688","18688","18688","-6958.893","-6958.893","-6958.893","55249","55249","55249","-6499.8667","-6499.8667","-6499.8667","55249","55249","55249","-3436.37","-3436.37","-3436.37","18688","18688","18688","-3642.7197","-3642.7197","-3642.7197","55249","55249","55249","-6244.7183","-6244.7183","-6244.7183","55249","55249","55249","-3568.7104","-3568.7104","-3568.7104","55249","55249","55249","-7415.7744","-7415.7744","-7415.7744","18688","18688","18688","-7133.189","-7133.189","-7133.189","","","","","","","","","","","","","","","","","","","","","","","","","","","","","",""
"630648","","","","","","","","","","","","","","","","","","","","","","","","","","","","","","","","","","","","","","","","","","","","","","","","","","","","","","","","","","","","","70","70","70","-3716.6062","-3716.6062","-3716.6062","70","70","70","-7776.074","-7776.074","-7776.074","70","70","70","-7112.732","-7112.732","-7112.732","70","70","70","-7127.1626","-7127.1626","-7127.1626","70","70","70","-3732.2515","-3732.2515","-3732.2515"
"648165","19215","19215","19215","-7976.9243","-7976.9243","-7976.9243","19215","19215","19215","-3542.202","-3542.202","-3542.202","19215","19215","19215","-6977.3438","-6977.3438","-6977.3438","56826","56826","56826","-6480.3193","-6480.3193","-6480.3193","56826","56826","56826","-3422.5557","-3422.5557","-3422.5557","19215","19215","19215","-3608.8296","-3608.8296","-3608.8296","56826","56826","56826","-6322.127","-6322.127","-6322.127","56826","56826","56826","-3569.356","-3569.356","-3569.356","56826","56826","56826","-7421.2583","-7421.2583","-7421.2583","19215","19215","19215","-7032.9834","-7032.9834","-7032.9834","","","","","","","","","","","","","","","","","","","","","","","","","","","","","",""
"648166","","","","","","","","","","","","","","","","","","","","","","","","","","","","","","","","","","","","","","","","","","","","","","","","","","","","","","","","","","","","","72","72","72","-3695.102","-3695.102","-3695.102","72","72","72","-7770.825","-7770.825","-7770.825","72","72","72","-7088.291","-7088.291","-7088.291","72","72","72","-7118.5933","-7118.5933","-7118.5933","72","72","72","-3719.9905","-3719.9905","-3719.9905"
"665683","19742","19742","19742","-8020.679","-8020.679","-8020.679","19742","19742","19742","-3552.6848","-3552.6848","-3552.6848","19742","19742","19742","-6860.332","-6860.332","-6860.332","58403","58403","58403","-6471.833","-6471.833","-6471.833","58403","58403","58403","-3442.196","-3442.196","-3442.196","19742","19742","19742","-3643.6035","-3643.6035","-3643.6035","58403","58403","58403","-6236.014","-6236.014","-6236.014","58403","58403","58403","-3567.3289","-3567.3289","-3567.3289","58403","58403","58403","-7416.764","-7416.764","-7416.764","19742","19742","19742","-7144.5254","-7144.5254","-7144.5254","","","","","","","","","","","","","","","","","","","","","","","","","","","","","",""
"665684","","","","","","","","","","","","","","","","","","","","","","","","","","","","","","","","","","","","","","","","","","","","","","","","","","","","","","","","","","","","","74","74","74","-3693.954","-3693.954","-3693.954","74","74","74","-7769.0615","-7769.0615","-7769.0615","74","74","74","-7077.477","-7077.477","-7077.477","74","74","74","-7114.141","-7114.141","-7114.141","74","74","74","-3713.7769","-3713.7769","-3713.7769"
"683201","20272","20272","20272","-7996.1465","-7996.1465","-7996.1465","20272","20272","20272","-3515.6746","-3515.6746","-3515.6746","20272","20272","20272","-6683.236","-6683.236","-6683.236","59989","59989","59989","-6478.128","-6478.128","-6478.128","59989","59989","59989","-3449.7783","-3449.7783","-3449.7783","20272","20272","20272","-3699.5012","-3699.5012","-3699.5012","59989","59989","59989","-6439.0854","-6439.0854","-6439.0854","59989","59989","59989","-3566.8755","-3566.8755","-3566.8755","59989","59989","59989","-7413.6226","-7413.6226","-7413.6226","20272","20272","20272","-7123.095","-7123.095","-7123.095","","","","","","","","","","","","","","","","","","","","","","","","","","","","","",""
"683202","","","","","","","","","","","","","","","","","","","","","","","","","","","","","","","","","","","","","","","","","","","","","","","","","","","","","","","","","","","","","76","76","76","-3688.3137","-3688.3137","-3688.3137","76","76","76","-7770.802","-7770.802","-7770.802","76","76","76","-7088.321","-7088.321","-7088.321","76","76","76","-7115.8213","-7115.8213","-7115.8213","76","76","76","-3716.4565","-3716.4565","-3716.4565"
"700719","20799","20799","20799","-8006.729","-8006.729","-8006.729","20799","20799","20799","-3521.7666","-3521.7666","-3521.7666","20799","20799","20799","-7021.0015","-7021.0015","-7021.0015","61566","61566","61566","-6523.223","-6523.223","-6523.223","61566","61566","61566","-3446.1494","-3446.1494","-3446.1494","20799","20799","20799","-3605.9329","-3605.9329","-3605.9329","61566","61566","61566","-6479.748","-6479.748","-6479.748","61566","61566","61566","-3568.6802","-3568.6802","-3568.6802","61566","61566","61566","-7413.088","-7413.088","-7413.088","20799","20799","20799","-7037.2017","-7037.2017","-7037.2017","","","","","","","","","","","","","","","","","","","","","","","","","","","","","",""
"700720","","","","","","","","","","","","","","","","","","","","","","","","","","","","","","","","","","","","","","","","","","","","","","","","","","","","","","","","","","","","","78","78","78","-3691.046","-3691.046","-3691.046","78","78","78","-7772.2456","-7772.2456","-7772.2456","78","78","78","-7082.141","-7082.141","-7082.141","78","78","78","-7111.673","-7111.673","-7111.673","78","78","78","-3714.8132","-3714.8132","-3714.8132"
"718237","21326","21326","21326","-7942.1104","-7942.1104","-7942.1104","21326","21326","21326","-3539.9485","-3539.9485","-3539.9485","21326","21326","21326","-6903.7437","-6903.7437","-6903.7437","63143","63143","63143","-6498.0127","-6498.0127","-6498.0127","63143","63143","63143","-3445.8691","-3445.8691","-3445.8691","21326","21326","21326","-3583.889","-3583.889","-3583.889","63143","63143","63143","-6479.4946","-6479.4946","-6479.4946","63143","63143","63143","-3566.0793","-3566.0793","-3566.0793","63143","63143","63143","-7408.429","-7408.429","-7408.429","21326","21326","21326","-6982.8687","-6982.8687","-6982.8687","","","","","","","","","","","","","","","","","","","","","","","","","","","","","",""
"718238","","","","","","","","","","","","","","","","","","","","","","","","","","","","","","","","","","","","","","","","","","","","","","","","","","","","","","","","","","","","","80","80","80","-3690.013","-3690.013","-3690.013","80","80","80","-7764.267","-7764.267","-7764.267","80","80","80","-7067.115","-7067.115","-7067.115","80","80","80","-7103.2744","-7103.2744","-7103.2744","80","80","80","-3719.04","-3719.04","-3719.04"
"735755","21853","21853","21853","-7911.71","-7911.71","-7911.71","21853","21853","21853","-3527.2996","-3527.2996","-3527.2996","21853","21853","21853","-6710.287","-6710.287","-6710.287","64720","64720","64720","-6507.8413","-6507.8413","-6507.8413","64720","64720","64720","-3440.2607","-3440.2607","-3440.2607","21853","21853","21853","-3585.206","-3585.206","-3585.206","64720","64720","64720","-6453.8506","-6453.8506","-6453.8506","64720","64720","64720","-3563.6028","-3563.6028","-3563.6028","64720","64720","64720","-7415.063","-7415.063","-7415.063","21853","21853","21853","-7086.3794","-7086.3794","-7086.3794","","","","","","","","","","","","","","","","","","","","","","","","","","","","","",""
"735756","","","","","","","","","","","","","","","","","","","","","","","","","","","","","","","","","","","","","","","","","","","","","","","","","","","","","","","","","","","","","82","82","82","-3685.1633","-3685.1633","-3685.1633","82","82","82","-7762.77","-7762.77","-7762.77","82","82","82","-7058.044","-7058.044","-7058.044","82","82","82","-7092.947","-7092.947","-7092.947","82","82","82","-3713.184","-3713.184","-3713.184"
"753273","22380","22380","22380","-7919.115","-7919.115","-7919.115","22380","22380","22380","-3531.6997","-3531.6997","-3531.6997","22380","22380","22380","-6890.774","-6890.774","-6890.774","66297","66297","66297","-7082.05","-7082.05","-7082.05","66297","66297","66297","-3447.0352","-3447.0352","-3447.0352","22380","22380","22380","-3591.7124","-3591.7124","-3591.7124","66297","66297","66297","-6471.4243","-6471.4243","-6471.4243","66297","66297","66297","-3562.067","-3562.067","-3562.067","66297","66297","66297","-7414.281","-7414.281","-7414.281","22380","22380","22380","-7301.4653","-7301.4653","-7301.4653","","","","","","","","","","","","","","","","","","","","","","","","","","","","","",""
"753274","","","","","","","","","","","","","","","","","","","","","","","","","","","","","","","","","","","","","","","","","","","","","","","","","","","","","","","","","","","","","84","84","84","-3681.7927","-3681.7927","-3681.7927","84","84","84","-7767.644","-7767.644","-7767.644","84","84","84","-7063.2715","-7063.2715","-7063.2715","84","84","84","-7097.9966","-7097.9966","-7097.9966","84","84","84","-3716.758","-3716.758","-3716.758"
"770791","22907","22907","22907","-7822.042","-7822.042","-7822.042","22907","22907","22907","-3500.2917","-3500.2917","-3500.2917","22907","22907","22907","-6833.112","-6833.112","-6833.112","67874","67874","67874","-7269.5044","-7269.5044","-7269.5044","67874","67874","67874","-3425.74","-3425.74","-3425.74","22907","22907","22907","-3592.4634","-3592.4634","-3592.4634","67874","67874","67874","-6480.4966","-6480.4966","-6480.4966","67874","67874","67874","-3560.72","-3560.72","-3560.72","67874","67874","67874","-7410.541","-7410.541","-7410.541","22907","22907","22907","-7027.649","-7027.649","-7027.649","","","","","","","","","","","","","","","","","","","","","","","","","","","","","",""
"770792","","","","","","","","","","","","","","","","","","","","","","","","","","","","","","","","","","","","","","","","","","","","","","","","","","","","","","","","","","","","","86","86","86","-3683.352","-3683.352","-3683.352","86","86","86","-7758.813","-7758.813","-7758.813","86","86","86","-7031.3022","-7031.3022","-7031.3022","86","86","86","-7079.8477","-7079.8477","-7079.8477","86","86","86","-3707.9426","-3707.9426","-3707.9426"
"788309","23437","23437","23437","-7965.297","-7965.297","-7965.297","23437","23437","23437","-3518.6743","-3518.6743","-3518.6743","23437","23437","23437","-6819.239","-6819.239","-6819.239","69460","69460","69460","-6531.583","-6531.583","-6531.583","69460","69460","69460","-3417.9053","-3417.9053","-3417.9053","23437","23437","23437","-3600.4795","-3600.4795","-3600.4795","69460","69460","69460","-6460.774","-6460.774","-6460.774","69460","69460","69460","-3559.8696","-3559.8696","-3559.8696","69460","69460","69460","-7412.497","-7412.497","-7412.497","23437","23437","23437","-7131.9785","-7131.9785","-7131.9785","","","","","","","","","","","","","","","","","","","","","","","","","","","","","",""
"788310","","","","","","","","","","","","","","","","","","","","","","","","","","","","","","","","","","","","","","","","","","","","","","","","","","","","","","","","","","","","","88","88","88","-3676.7454","-3676.7454","-3676.7454","88","88","88","-7753.868","-7753.868","-7753.868","88","88","88","-7022.5156","-7022.5156","-7022.5156","88","88","88","-7074.0996","-7074.0996","-7074.0996","88","88","88","-3712.7312","-3712.7312","-3712.7312"
"805827","23964","23964","23964","-7991.03","-7991.03","-7991.03","23964","23964","23964","-3518.5488","-3518.5488","-3518.5488","23964","23964","23964","-6613.301","-6613.301","-6613.301","71037","71037","71037","-6525.9077","-6525.9077","-6525.9077","71037","71037","71037","-3423.9734","-3423.9734","-3423.9734","23964","23964","23964","-3623.383","-3623.383","-3623.383","71037","71037","71037","-6465.9214","-6465.9214","-6465.9214","71037","71037","71037","-3556.1768","-3556.1768","-3556.1768","71037","71037","71037","-7416.234","-7416.234","-7416.234","23964","23964","23964","-6996.1875","-6996.1875","-6996.1875","","","","","","","","","","","","","","","","","","","","","","","","","","","","","",""
"805828","","","","","","","","","","","","","","","","","","","","","","","","","","","","","","","","","","","","","","","","","","","","","","","","","","","","","","","","","","","","","90","90","90","-3675.7358","-3675.7358","-3675.7358","90","90","90","-7744.0728","-7744.0728","-7744.0728","90","90","90","-6984.434","-6984.434","-6984.434","90","90","90","-7054.3916","-7054.3916","-7054.3916","90","90","90","-3700.1072","-3700.1072","-3700.1072"
"823345","24491","24491","24491","-7944.5005","-7944.5005","-7944.5005","24491","24491","24491","-3498.3137","-3498.3137","-3498.3137","24491","24491","24491","-6625.0596","-6625.0596","-6625.0596","72614","72614","72614","-6525.2446","-6525.2446","-6525.2446","72614","72614","72614","-3437.3826","-3437.3826","-3437.3826","24491","24491","24491","-3619.0698","-3619.0698","-3619.0698","72614","72614","72614","-6260.009","-6260.009","-6260.009","72614","72614","72614","-3556.294","-3556.294","-3556.294","72614","72614","72614","-7414.8687","-7414.8687","-7414.8687","24491","24491","24491","-7078.919","-7078.919","-7078.919","","","","","","","","","","","","","","","","","","","","","","","","","","","","","",""
"823346","","","","","","","","","","","","","","","","","","","","","","","","","","","","","","","","","","","","","","","","","","","","","","","","","","","","","","","","","","","","","92","92","92","-3674.194","-3674.194","-3674.194","92","92","92","-7750.414","-7750.414","-7750.414","92","92","92","-6999.7056","-6999.7056","-6999.7056","92","92","92","-7064.711","-7064.711","-7064.711","92","92","92","-3697.701","-3697.701","-3697.701"
"840863","25018","25018","25018","-7957.854","-7957.854","-7957.854","25018","25018","25018","-3554.3403","-3554.3403","-3554.3403","25018","25018","25018","-6939.509","-6939.509","-6939.509","74191","74191","74191","-6516.545","-6516.545","-6516.545","74191","74191","74191","-3446.0906","-3446.0906","-3446.0906","25018","25018","25018","-3618.9868","-3618.9868","-3618.9868","74191","74191","74191","-6266.5166","-6266.5166","-6266.5166","74191","74191","74191","-3555.677","-3555.677","-3555.677","74191","74191","74191","-7414.935","-7414.935","-7414.935","25018","25018","25018","-6957.8374","-6957.8374","-6957.8374","","","","","","","","","","","","","","","","","","","","","","","","","","","","","",""
"840864","","","","","","","","","","","","","","","","","","","","","","","","","","","","","","","","","","","","","","","","","","","","","","","","","","","","","","","","","","","","","94","94","94","-3667.0872","-3667.0872","-3667.0872","94","94","94","-7748.182","-7748.182","-7748.182","94","94","94","-7007.8755","-7007.8755","-7007.8755","94","94","94","-7065.615","-7065.615","-7065.615","94","94","94","-3700.2834","-3700.2834","-3700.2834"
"858381","25545","25545","25545","-8017.686","-8017.686","-8017.686","25545","25545","25545","-3519.0728","-3519.0728","-3519.0728","25545","25545","25545","-6714.6206","-6714.6206","-6714.6206","75768","75768","75768","-6509.771","-6509.771","-6509.771","75768","75768","75768","-3456.4717","-3456.4717","-3456.4717","25545","25545","25545","-3648.935","-3648.935","-3648.935","75768","75768","75768","-6413.0825","-6413.0825","-6413.0825","75768","75768","75768","-3555.288","-3555.288","-3555.288","75768","75768","75768","-7416.4814","-7416.4814","-7416.4814","25545","25545","25545","-6944.706","-6944.706","-6944.706","","","","","","","","","","","","","","","","","","","","","","","","","","","","","",""
"858382","","","","","","","","","","","","","","","","","","","","","","","","","","","","","","","","","","","","","","","","","","","","","","","","","","","","","","","","","","","","","96","96","96","-3661.5352","-3661.5352","-3661.5352","96","96","96","-7743.315","-7743.315","-7743.315","96","96","96","-6969.583","-6969.583","-6969.583","96","96","96","-7053.66","-7053.66","-7053.66","96","96","96","-3690.8667","-3690.8667","-3690.8667"
"875899","26072","26072","26072","-8002.9795","-8002.9795","-8002.9795","26072","26072","26072","-3521.2878","-3521.2878","-3521.2878","26072","26072","26072","-6929.696","-6929.696","-6929.696","77345","77345","77345","-6509.6016","-6509.6016","-6509.6016","77345","77345","77345","-3455.1138","-3455.1138","-3455.1138","26072","26072","26072","-3637.7542","-3637.7542","-3637.7542","77345","77345","77345","-6406.768","-6406.768","-6406.768","77345","77345","77345","-3554.0137","-3554.0137","-3554.0137","77345","77345","77345","-7425.0176","-7425.0176","-7425.0176","26072","26072","26072","-6967.517","-6967.517","-6967.517","","","","","","","","","","","","","","","","","","","","","","","","","","","","","",""
"875900","","","","","","","","","","","","","","","","","","","","","","","","","","","","","","","","","","","","","","","","","","","","","","","","","","","","","","","","","","","","","98","98","98","-3660.8928","-3660.8928","-3660.8928","98","98","98","-7741.5757","-7741.5757","-7741.5757","98","98","98","-6959.8584","-6959.8584","-6959.8584","98","98","98","-7038.1084","-7038.1084","-7038.1084","98","98","98","-3693.7268","-3693.7268","-3693.7268"