"global_step","clmux-w-var/clmux-london-0.7__sac_continuous_action__42 - charts/episodic_return","clmux-w-var/clmux-london-0.7__sac_continuous_action__42 - charts/episodic_return__MIN","clmux-w-var/clmux-london-0.7__sac_continuous_action__42 - charts/episodic_return__MAX","clmux-w-var/clmux-london-0.7__sac_continuous_action__42 - _step","clmux-w-var/clmux-london-0.7__sac_continuous_action__42 - _step__MIN","clmux-w-var/clmux-london-0.7__sac_continuous_action__42 - _step__MAX","clmux-w-var/clmux-london-0.3__dqn__42 - charts/episodic_return","clmux-w-var/clmux-london-0.3__dqn__42 - charts/episodic_return__MIN","clmux-w-var/clmux-london-0.3__dqn__42 - charts/episodic_return__MAX","clmux-w-var/clmux-london-0.3__dqn__42 - _step","clmux-w-var/clmux-london-0.3__dqn__42 - _step__MIN","clmux-w-var/clmux-london-0.3__dqn__42 - _step__MAX","clmux-w-var/clmux-london-0.7__dqn__42 - charts/episodic_return","clmux-w-var/clmux-london-0.7__dqn__42 - charts/episodic_return__MIN","clmux-w-var/clmux-london-0.7__dqn__42 - charts/episodic_return__MAX","clmux-w-var/clmux-london-0.7__dqn__42 - _step","clmux-w-var/clmux-london-0.7__dqn__42 - _step__MIN","clmux-w-var/clmux-london-0.7__dqn__42 - _step__MAX","clmux-w-var/clmux-london-0.3__sac_continuous_action__42 - charts/episodic_return","clmux-w-var/clmux-london-0.3__sac_continuous_action__42 - charts/episodic_return__MIN","clmux-w-var/clmux-london-0.3__sac_continuous_action__42 - charts/episodic_return__MAX","clmux-w-var/clmux-london-0.3__sac_continuous_action__42 - _step","clmux-w-var/clmux-london-0.3__sac_continuous_action__42 - _step__MIN","clmux-w-var/clmux-london-0.3__sac_continuous_action__42 - _step__MAX","clmux-w-var/clmux-london-0.5__dqn__42 - charts/episodic_return","clmux-w-var/clmux-london-0.5__dqn__42 - charts/episodic_return__MIN","clmux-w-var/clmux-london-0.5__dqn__42 - charts/episodic_return__MAX","clmux-w-var/clmux-london-0.5__dqn__42 - _step","clmux-w-var/clmux-london-0.5__dqn__42 - _step__MIN","clmux-w-var/clmux-london-0.5__dqn__42 - _step__MAX","clmux-w-var/clmux-london-0.5__sac_continuous_action__42 - charts/episodic_return","clmux-w-var/clmux-london-0.5__sac_continuous_action__42 - charts/episodic_return__MIN","clmux-w-var/clmux-london-0.5__sac_continuous_action__42 - charts/episodic_return__MAX","clmux-w-var/clmux-london-0.5__sac_continuous_action__42 - _step","clmux-w-var/clmux-london-0.5__sac_continuous_action__42 - _step__MIN","clmux-w-var/clmux-london-0.5__sac_continuous_action__42 - _step__MAX","clmux-w-var/clmux-london-0.3__qlearning__42 - charts/episodic_return","clmux-w-var/clmux-london-0.3__qlearning__42 - charts/episodic_return__MIN","clmux-w-var/clmux-london-0.3__qlearning__42 - charts/episodic_return__MAX","clmux-w-var/clmux-london-0.3__qlearning__42 - _step","clmux-w-var/clmux-london-0.3__qlearning__42 - _step__MIN","clmux-w-var/clmux-london-0.3__qlearning__42 - _step__MAX","clmux-w-var/clmux-london-0.7__qlearning__42 - charts/episodic_return","clmux-w-var/clmux-london-0.7__qlearning__42 - charts/episodic_return__MIN","clmux-w-var/clmux-london-0.7__qlearning__42 - charts/episodic_return__MAX","clmux-w-var/clmux-london-0.7__qlearning__42 - _step","clmux-w-var/clmux-london-0.7__qlearning__42 - _step__MIN","clmux-w-var/clmux-london-0.7__qlearning__42 - _step__MAX","clmux-w-var/clmux-london-0.5__qlearning__42 - charts/episodic_return","clmux-w-var/clmux-london-0.5__qlearning__42 - charts/episodic_return__MIN","clmux-w-var/clmux-london-0.5__qlearning__42 - charts/episodic_return__MAX","clmux-w-var/clmux-london-0.5__qlearning__42 - _step","clmux-w-var/clmux-london-0.5__qlearning__42 - _step__MIN","clmux-w-var/clmux-london-0.5__qlearning__42 - _step__MAX"
"8686","-1731.4604","-1731.4604","-1731.4604","0","0","0","-3260.9055","-3260.9055","-3260.9055","0","0","0","-1729.6107","-1729.6107","-1729.6107","0","0","0","-3283.5535","-3283.5535","-3283.5535","0","0","0","-2495.249","-2495.249","-2495.249","0","0","0","-2507.501","-2507.501","-2507.501","0","0","0","","","","","","","","","","","","","","","","","",""
"8687","","","","","","","","","","","","","","","","","","","","","","","","","","","","","","","","","","","","","-3339.9036","-3339.9036","-3339.9036","0","0","0","-1757.5051","-1757.5051","-1757.5051","0","0","0","-2548.7043","-2548.7043","-2548.7043","0","0","0"
"17373","-1528.2659","-1528.2659","-1528.2659","1046","1046","1046","-2928.917","-2928.917","-2928.917","611","611","611","-1613.9788","-1613.9788","-1613.9788","611","611","611","-3138.464","-3138.464","-3138.464","1046","1046","1046","-2272.6934","-2272.6934","-2272.6934","611","611","611","-2309.7617","-2309.7617","-2309.7617","1046","1046","1046","","","","","","","","","","","","","","","","","",""
"17374","","","","","","","","","","","","","","","","","","","","","","","","","","","","","","","","","","","","","-3309.325","-3309.325","-3309.325","2","2","2","-1744.929","-1744.929","-1744.929","2","2","2","-2527.127","-2527.127","-2527.127","2","2","2"
"26060","-1384.4908","-1384.4908","-1384.4908","2092","2092","2092","-2686.0251","-2686.0251","-2686.0251","1222","1222","1222","-1515.1632","-1515.1632","-1515.1632","1222","1222","1222","-3124.2534","-3124.2534","-3124.2534","2092","2092","2092","-2100.6438","-2100.6438","-2100.6438","1222","1222","1222","-2110.0542","-2110.0542","-2110.0542","2092","2092","2092","","","","","","","","","","","","","","","","","",""
"26061","","","","","","","","","","","","","","","","","","","","","","","","","","","","","","","","","","","","","-3410.589","-3410.589","-3410.589","4","4","4","-1784.4409","-1784.4409","-1784.4409","4","4","4","-2597.5151","-2597.5151","-2597.5151","4","4","4"
"34747","-1310.9548","-1310.9548","-1310.9548","3138","3138","3138","-2422.2068","-2422.2068","-2422.2068","1833","1833","1833","-1432.2449","-1432.2449","-1432.2449","1833","1833","1833","-3144.3643","-3144.3643","-3144.3643","3138","3138","3138","-1922.3928","-1922.3928","-1922.3928","1833","1833","1833","-1985.6031","-1985.6031","-1985.6031","3138","3138","3138","","","","","","","","","","","","","","","","","",""
"34748","","","","","","","","","","","","","","","","","","","","","","","","","","","","","","","","","","","","","-3432.4583","-3432.4583","-3432.4583","6","6","6","-1793.5823","-1793.5823","-1793.5823","6","6","6","-2613.0203","-2613.0203","-2613.0203","6","6","6"
"43434","-1295.5443","-1295.5443","-1295.5443","4184","4184","4184","-2175.32","-2175.32","-2175.32","2444","2444","2444","-1345.3893","-1345.3893","-1345.3893","2444","2444","2444","-2995.912","-2995.912","-2995.912","4184","4184","4184","-1757.0288","-1757.0288","-1757.0288","2444","2444","2444","-1886.001","-1886.001","-1886.001","4184","4184","4184","","","","","","","","","","","","","","","","","",""
"43435","","","","","","","","","","","","","","","","","","","","","","","","","","","","","","","","","","","","","-3408.7166","-3408.7166","-3408.7166","8","8","8","-1783.7828","-1783.7828","-1783.7828","8","8","8","-2596.2498","-2596.2498","-2596.2498","8","8","8"
"52121","-1312.0518","-1312.0518","-1312.0518","5230","5230","5230","-1959.9032","-1959.9032","-1959.9032","3055","3055","3055","-1259.0153","-1259.0153","-1259.0153","3055","3055","3055","-2803.0928","-2803.0928","-2803.0928","5230","5230","5230","-1608.1877","-1608.1877","-1608.1877","3055","3055","3055","-1844.7976","-1844.7976","-1844.7976","5230","5230","5230","","","","","","","","","","","","","","","","","",""
"52122","","","","","","","","","","","","","","","","","","","","","","","","","","","","","","","","","","","","","-3450.7742","-3450.7742","-3450.7742","10","10","10","-1798.165","-1798.165","-1798.165","10","10","10","-2624.4695","-2624.4695","-2624.4695","10","10","10"
"60808","-1325.3953","-1325.3953","-1325.3953","6276","6276","6276","-1653.8947","-1653.8947","-1653.8947","3666","3666","3666","-1151.3763","-1151.3763","-1151.3763","3666","3666","3666","-2594.5383","-2594.5383","-2594.5383","6276","6276","6276","-1414.2954","-1414.2954","-1414.2954","3666","3666","3666","-1794.2037","-1794.2037","-1794.2037","6276","6276","6276","","","","","","","","","","","","","","","","","",""
"60809","","","","","","","","","","","","","","","","","","","","","","","","","","","","","","","","","","","","","-3521.744","-3521.744","-3521.744","12","12","12","-1828.3315","-1828.3315","-1828.3315","12","12","12","-2675.0378","-2675.0378","-2675.0378","12","12","12"
"69495","-1345.5365","-1345.5365","-1345.5365","7310","7310","7310","-1457.871","-1457.871","-1457.871","4270","4270","4270","-1087.2599","-1087.2599","-1087.2599","4270","4270","4270","-2367.3364","-2367.3364","-2367.3364","7310","7310","7310","-1279.3026","-1279.3026","-1279.3026","4270","4270","4270","-1790.7875","-1790.7875","-1790.7875","7310","7310","7310","","","","","","","","","","","","","","","","","",""
"69496","","","","","","","","","","","","","","","","","","","","","","","","","","","","","","","","","","","","","-3477.6187","-3477.6187","-3477.6187","14","14","14","-1808.1677","-1808.1677","-1808.1677","14","14","14","-2642.8933","-2642.8933","-2642.8933","14","14","14"
"78182","-1328.142","-1328.142","-1328.142","8356","8356","8356","-1208.1592","-1208.1592","-1208.1592","4881","4881","4881","-993.9273","-993.9273","-993.9273","4881","4881","4881","-2112.592","-2112.592","-2112.592","8356","8356","8356","-1117.9749","-1117.9749","-1117.9749","4881","4881","4881","-1719.7767","-1719.7767","-1719.7767","8356","8356","8356","","","","","","","","","","","","","","","","","",""
"78183","","","","","","","","","","","","","","","","","","","","","","","","","","","","","","","","","","","","","-3519.0325","-3519.0325","-3519.0325","16","16","16","-1826.406","-1826.406","-1826.406","16","16","16","-2672.7192","-2672.7192","-2672.7192","16","16","16"
"86869","-1360.0294","-1360.0294","-1360.0294","9402","9402","9402","-960.5811","-960.5811","-960.5811","5492","5492","5492","-896.0697","-896.0697","-896.0697","5492","5492","5492","-2047.4934","-2047.4934","-2047.4934","9402","9402","9402","-936.19135","-936.19135","-936.19135","5492","5492","5492","-1739.809","-1739.809","-1739.809","9402","9402","9402","","","","","","","","","","","","","","","","","",""
"86870","","","","","","","","","","","","","","","","","","","","","","","","","","","","","","","","","","","","","-3500.2031","-3500.2031","-3500.2031","18","18","18","-1817.365","-1817.365","-1817.365","18","18","18","-2658.784","-2658.784","-2658.784","18","18","18"
"95556","-1370.6846","-1370.6846","-1370.6846","10448","10448","10448","-850.33","-850.33","-850.33","6103","6103","6103","-870.6449","-870.6449","-870.6449","6103","6103","6103","-1948.2693","-1948.2693","-1948.2693","10448","10448","10448","-860.4642","-860.4642","-860.4642","6103","6103","6103","-1726.0876","-1726.0876","-1726.0876","10448","10448","10448","","","","","","","","","","","","","","","","","",""
"95557","","","","","","","","","","","","","","","","","","","","","","","","","","","","","","","","","","","","","-3618.7493","-3618.7493","-3618.7493","20","20","20","-1864.8765","-1864.8765","-1864.8765","20","20","20","-2741.8127","-2741.8127","-2741.8127","20","20","20"
"104243","-1365.512","-1365.512","-1365.512","11494","11494","11494","-847.2374","-847.2374","-847.2374","6714","6714","6714","-861.8826","-861.8826","-861.8826","6714","6714","6714","-1873.8558","-1873.8558","-1873.8558","11494","11494","11494","-862.1087","-862.1087","-862.1087","6714","6714","6714","-1711.4259","-1711.4259","-1711.4259","11494","11494","11494","","","","","","","","","","","","","","","","","",""
"104244","","","","","","","","","","","","","","","","","","","","","","","","","","","","","","","","","","","","","-3595.5515","-3595.5515","-3595.5515","22","22","22","-1856.008","-1856.008","-1856.008","22","22","22","-2725.7798","-2725.7798","-2725.7798","22","22","22"
"112930","-1373.6272","-1373.6272","-1373.6272","12540","12540","12540","-838.5178","-838.5178","-838.5178","7325","7325","7325","-862.3894","-862.3894","-862.3894","7325","7325","7325","-1820.3027","-1820.3027","-1820.3027","12540","12540","12540","-867.7411","-867.7411","-867.7411","7325","7325","7325","-1712.0962","-1712.0962","-1712.0962","12540","12540","12540","","","","","","","","","","","","","","","","","",""
"112931","","","","","","","","","","","","","","","","","","","","","","","","","","","","","","","","","","","","","-3552.4204","-3552.4204","-3552.4204","24","24","24","-1837.1561","-1837.1561","-1837.1561","24","24","24","-2694.7883","-2694.7883","-2694.7883","24","24","24"
"121617","-1371.3284","-1371.3284","-1371.3284","13586","13586","13586","-841.0436","-841.0436","-841.0436","7936","7936","7936","-858.1952","-858.1952","-858.1952","7936","7936","7936","-1760.972","-1760.972","-1760.972","13586","13586","13586","-864.90784","-864.90784","-864.90784","7936","7936","7936","-1694.7445","-1694.7445","-1694.7445","13586","13586","13586","","","","","","","","","","","","","","","","","",""
"121618","","","","","","","","","","","","","","","","","","","","","","","","","","","","","","","","","","","","","-3616.4038","-3616.4038","-3616.4038","26","26","26","-1862.3511","-1862.3511","-1862.3511","26","26","26","-2739.3774","-2739.3774","-2739.3774","26","26","26"
"130304","-1397.9083","-1397.9083","-1397.9083","14632","14632","14632","-837.3604","-837.3604","-837.3604","8547","8547","8547","-852.909","-852.909","-852.909","8547","8547","8547","-1760.933","-1760.933","-1760.933","14632","14632","14632","-847.5563","-847.5563","-847.5563","8547","8547","8547","-1715.57","-1715.57","-1715.57","14632","14632","14632","","","","","","","","","","","","","","","","","",""
"130305","","","","","","","","","","","","","","","","","","","","","","","","","","","","","","","","","","","","","-3648.7979","-3648.7979","-3648.7979","28","28","28","-1875.1104","-1875.1104","-1875.1104","28","28","28","-2761.954","-2761.954","-2761.954","28","28","28"
"138991","-1383.2731","-1383.2731","-1383.2731","15666","15666","15666","-879.7324","-879.7324","-879.7324","9151","9151","9151","-862.4758","-862.4758","-862.4758","9151","9151","9151","-1690.1962","-1690.1962","-1690.1962","15666","15666","15666","-874.4062","-874.4062","-874.4062","9151","9151","9151","-1676.8718","-1676.8718","-1676.8718","15666","15666","15666","","","","","","","","","","","","","","","","","",""
"138992","","","","","","","","","","","","","","","","","","","","","","","","","","","","","","","","","","","","","-3708.252","-3708.252","-3708.252","30","30","30","-1897.8726","-1897.8726","-1897.8726","30","30","30","-2803.0623","-2803.0623","-2803.0623","30","30","30"
"147678","-1387.7657","-1387.7657","-1387.7657","16712","16712","16712","-864.52026","-864.52026","-864.52026","9762","9762","9762","-858.9538","-858.9538","-858.9538","9762","9762","9762","-1674.2776","-1674.2776","-1674.2776","16712","16712","16712","-868.50336","-868.50336","-868.50336","9762","9762","9762","-1665.1349","-1665.1349","-1665.1349","16712","16712","16712","","","","","","","","","","","","","","","","","",""
"147679","","","","","","","","","","","","","","","","","","","","","","","","","","","","","","","","","","","","","-3748.5789","-3748.5789","-3748.5789","32","32","32","-1914.7595","-1914.7595","-1914.7595","32","32","32","-2831.6692","-2831.6692","-2831.6692","32","32","32"
"156365","-1379.1152","-1379.1152","-1379.1152","17758","17758","17758","-860.24","-860.24","-860.24","10373","10373","10373","-881.43195","-881.43195","-881.43195","10373","10373","10373","-1650.4645","-1650.4645","-1650.4645","17758","17758","17758","-876.0561","-876.0561","-876.0561","10373","10373","10373","-1639.4841","-1639.4841","-1639.4841","17758","17758","17758","","","","","","","","","","","","","","","","","",""
"156366","","","","","","","","","","","","","","","","","","","","","","","","","","","","","","","","","","","","","-3377.6406","-3377.6406","-3377.6406","34","34","34","-1772.4844","-1772.4844","-1772.4844","34","34","34","-2575.0625","-2575.0625","-2575.0625","34","34","34"
"165052","-1396.2231","-1396.2231","-1396.2231","18804","18804","18804","-887.40625","-887.40625","-887.40625","10984","10984","10984","-875.2795","-875.2795","-875.2795","10984","10984","10984","-1646.1788","-1646.1788","-1646.1788","18804","18804","18804","-903.83936","-903.83936","-903.83936","10984","10984","10984","-1654.6451","-1654.6451","-1654.6451","18804","18804","18804","","","","","","","","","","","","","","","","","",""
"165053","","","","","","","","","","","","","","","","","","","","","","","","","","","","","","","","","","","","","-3390.1335","-3390.1335","-3390.1335","36","36","36","-1776.1995","-1776.1995","-1776.1995","36","36","36","-2583.1665","-2583.1665","-2583.1665","36","36","36"
"173739","-1388.3414","-1388.3414","-1388.3414","19850","19850","19850","-883.5751","-883.5751","-883.5751","11595","11595","11595","-874.4154","-874.4154","-874.4154","11595","11595","11595","-1644.8339","-1644.8339","-1644.8339","19850","19850","19850","-881.67993","-881.67993","-881.67993","11595","11595","11595","-1635.5262","-1635.5262","-1635.5262","19850","19850","19850","","","","","","","","","","","","","","","","","",""
"173740","","","","","","","","","","","","","","","","","","","","","","","","","","","","","","","","","","","","","-3391.0557","-3391.0557","-3391.0557","38","38","38","-1775.6312","-1775.6312","-1775.6312","38","38","38","-2583.3435","-2583.3435","-2583.3435","38","38","38"